{"customernumber":"131","min(navigation_index)":0,"max(navigation_index)":3}
{"customernumber":"172","min(navigation_index)":0,"max(navigation_index)":5}
{"customernumber":"186","min(navigation_index)":0,"max(navigation_index)":3}
{"customernumber":"189","min(navigation_index)":0,"max(navigation_index)":3}
{"customernumber":"299","min(navigation_index)":0,"max(navigation_index)":3}
{"customernumber":"328","min(navigation_index)":0,"max(navigation_index)":3}
{"customernumber":"486","min(navigation_index)":0,"max(navigation_index)":5}
