{"customernumber":"141","min(navigation_index)":0,"max(navigation_index)":5}
{"customernumber":"148","min(navigation_index)":0,"max(navigation_index)":5}
{"customernumber":"173","min(navigation_index)":0,"max(navigation_index)":5}
{"customernumber":"240","min(navigation_index)":0,"max(navigation_index)":3}
{"customernumber":"319","min(navigation_index)":0,"max(navigation_index)":3}
{"customernumber":"357","min(navigation_index)":0,"max(navigation_index)":4}
{"customernumber":"362","min(navigation_index)":0,"max(navigation_index)":4}
{"customernumber":"363","min(navigation_index)":0,"max(navigation_index)":4}
{"customernumber":"456","min(navigation_index)":0,"max(navigation_index)":4}
