{"customernumber":"114","min(navigation_index)":0,"max(navigation_index)":5}
{"customernumber":"124","min(navigation_index)":0,"max(navigation_index)":5}
{"customernumber":"151","min(navigation_index)":0,"max(navigation_index)":1}
{"customernumber":"242","min(navigation_index)":0,"max(navigation_index)":3}
{"customernumber":"286","min(navigation_index)":0,"max(navigation_index)":3}
{"customernumber":"323","min(navigation_index)":0,"max(navigation_index)":3}
{"customernumber":"450","min(navigation_index)":0,"max(navigation_index)":4}
{"customernumber":"471","min(navigation_index)":0,"max(navigation_index)":4}
